n_samples,with_knn,without_knn
1024,0.25798463821411133,1.2285232543945312
334243,7.277303218841553,0.767493486404419
667463,28.77500081062317,1.6629040241241455
1000682,64.54534125328064,2.7732017040252686
1333902,114.33410835266113,3.8045833110809326
1667121,176.93605589866638,5.041834831237793
2000341,255.18308854103088,5.964860916137695
2333560,345.6909635066986,7.245739221572876
2666780,451.7911911010742,8.139975309371948
3000000,570.7973875999451,9.288048505783081
